titre,lien,date,source
Bitcoin Price Crashes to Zero on Paradex Exchange as Glitch Fuels Mass Liquidations - Yahoo Finance,https://news.google.com/rss/articles/CBMihwFBVV95cUxNM19uZDg5S2N3dnppeGFTY0RkQXRjaGtUQ28xQ0p3RTJIaTlnVHl0NzhOcmMydWZ5RkhNUnpRRVBUZmpEdkNGREpYck5JaGZyc3BZQXNmODhOS0lvZFFuQmRWWVFCQ1VKTmZoSXZDMS1ETkpLMHVrUy0zemlzZWFZZDdsTy1ORDQ?oc=5,"Mon, 19 Jan 2026 17:35:20 GMT",Yahoo Finance
"Bitcoin Falls Below $92,000 as Tariff Fears Weigh on Risk Assets - Bloomberg.com",https://news.google.com/rss/articles/CBMiugFBVV95cUxNM3hzUzJRV3hBSC0wcUhCRTJ0MmM3eWNNU2VweXJBVGJRV2k4aFowbnRoUTRHZFhOd2oxVTlyOVBKcTJxdXlibkxXQkJrZy1RRnZkdDVrck1QWTUyTlo4M19XUUt1TUtQWW43SHVfRnRyczdsU2p1eVJwQlBuMmd6TjJfWHFIZlVrUS04OHMzS2RxYkNjLURucWFTYmFCWHQwd0FGMnZTeUE4Vlo2dmtfWEdUM3pjekF0Unc?oc=5,"Mon, 19 Jan 2026 11:10:30 GMT",Bloomberg.com
"Paradex's 'free bitcoin' pricing glitch triggers mass liquidations, forces rollback - The Block",https://news.google.com/rss/articles/CBMitgFBVV95cUxQWllHb0x3V3AydkdiV2VITllucDdHT2xmeTY1aTlYU01ZNjJrdFROeVkzZTVnN2dFaDNwWnFNQjdPNmVMNUloNDFUZGxDenpHaGxDQl90MlpORjhoN2hIRzByeXoybnUyWV9CZThwQ1l0TFFid0xYY2w3MTdLWm5nRmpCZlF6NnhjRVZkcXRGd1BpV1VmcmFQd0pkQjZBb2dYdjJ5TUJsWEVyaHdWS0t3VXJLOXBpUQ?oc=5,"Mon, 19 Jan 2026 14:03:35 GMT",The Block
"Bitcoin price slides on Trump’s Greenland threat. Why $10,000 is back in play, says Bloomberg analyst - dlnews.com",https://news.google.com/rss/articles/CBMikAFBVV95cUxQTWFOd1VnRDdTYlVxNU5Rel9sdUg1ZFg1UGhPNG9oLXhrVS05T2xvSml2ak1GYkdBa0ZBeDN6czBiT1puempPOU14OHF0ellxcnFwR0RlUDhtdlMxNmdQUFdyaC12S1g2ektMa09tdURkQk5BcXB4cWJDSmhUZ1UwNUZILTBUbWhuTkNnYmUxTlY?oc=5,"Mon, 19 Jan 2026 09:40:35 GMT",dlnews.com
Here are the 3 things to watch that will move bitcoin and crypto prices in 2026 - CoinDesk,https://news.google.com/rss/articles/CBMiugFBVV95cUxQY05pSDFMZ0JqUk40N0FKN2dCRW8xamJnU2VKZTRpeE9aenQzcVNiYkFhMU9mRHFJVmRRNzRBT1ZLaVkyalVSUkEzeHlPdVdpZW1Ya0NTajZBSllxU3I0RzB1ZjlMMlU5b1B6RHAtVUxqTHMzMmJ3aTlnV2pNWHNOVWgxam42M1BGSG5OczV5UldBSWNFbmxlMzRadTE3eTlMNVNJUXEtNThCTVkwN0RRdThaTmx5ajNoUlE?oc=5,"Mon, 19 Jan 2026 21:19:56 GMT",CoinDesk
"Analyst predicts 55% Bitcoin surge, issues warning on crypto treasuries - thestreet.com",https://news.google.com/rss/articles/CBMirwFBVV95cUxQRDdNb0ZETmVWbXlIS2FTSDEtQzBLZzJnMWlhNlRGSmxQT3hrbzZqUThYUlNGa3cyelBYck1TUzUxa1RTVWh0M0QyTHVZZjk5MlN4NDBjcVk4dS1ZUU1GSTg2VGRsdW9TRUFGdGhLc2hDNDA0SVdBTDZRMWFHNV8xU2JaODZHcEl5ODNCSWdMa3ZXRUM5NC16SE5tbjVnTjN6ZmVtRlBMZnhVdHlYR0Q0?oc=5,"Mon, 19 Jan 2026 19:08:00 GMT",thestreet.com
"Bitcoin Bulls Clinging To Hope – Will $91,400 Hold Or Trigger A Deeper Drop? - Bitcoin Magazine",https://news.google.com/rss/articles/CBMiqwFBVV95cUxPQnZwOVFQRHExMUZ4bGNBamt6ZGh5SzhQam4xY0J0R21DaHdFdmh4WjFqSi1VTWo2R3A3VHp6MkVIdGpBakZ3TktmTm1hRS1wRkRjTUJoVDlJUXRLWmlPRTBTMmhUcXhsZU5JNThPbGptOGJmTnhqNWpnQ3VRZGd1X0cyb1ZtMktwTEQ5VUt5UDUxUWQtRGM5RDJsNUY0N2tENXZSX291bzlpLVU?oc=5,"Mon, 19 Jan 2026 19:00:57 GMT",Bitcoin Magazine
‘Get Ready’—U.S. Dollar ‘Collapse’ Warning Issued As Markets Brace For Gold And Bitcoin Price Shocks - Forbes,https://news.google.com/rss/articles/CBMi5AFBVV95cUxQYzFYTzdkSkJhS1hkb1N5UXV1V2puQThDb1VjWGp1eXg3QVNMOHBLcDY2MlRZVU9DMFhzNUdRb1dMLU5CMFpzVHdpR0lwWlFDRTlHMjdNVTV3cnZuY0Z4dlRSQUVwbmZwT0NXS1JFVmJDdGdENjRTQi1XTnJBbmdNVlNqYkxqRVlpM0tIbW1sZ2F0aVN1RHpjS2J3TUJHMkFrT3Q3NzdUTU1LRXFEYnE0aDlHbVU0eE1rWTBKb1I2SDZIbWk3TEJMc0YzWEZBc3hFU3hHV2V5b0xoQW1TQzdoS2s1RkY?oc=5,"Mon, 19 Jan 2026 13:31:28 GMT",Forbes
Should You Forget Bitcoin and Buy XRP Instead? - The Motley Fool,https://news.google.com/rss/articles/CBMikgFBVV95cUxNOGM4RXVyQUdXWmdxVUkydzFUcDNTV1B3ZFBLZDhMeEFUQ1RYejRldmR0WlZaaVlKbzdkVmlSaUtmRy1OTE5DZ1hRbFhjRjRvdEVkMl8zYWoydzQ3SWxqUWd6R1NVMXN0bE9SVy0yNkhUTXo4Y0Vwa1p0QVc3RDZBTk16eHdlOGlHdXhfTnhhcnpCZw?oc=5,"Mon, 19 Jan 2026 13:20:00 GMT",The Motley Fool
This strategist and longstanding bitcoin bull exits his position and switches allegiance to gold - MarketWatch,https://news.google.com/rss/articles/CBMi2wNBVV95cUxNWGZJNEk4V1lEcXlVTnZoY2pFUEtMQ1R2d0hvdm9nbGpObHg2Z1FuYnlhUXRjVDFXMWJUcWNOTzdkbFZQMTMzVjVlMUNpLS1paUZmVm9lRUdtUE5JNW9NeG5Da200MjIzaGRsTlZRWkx6eGJaQTV3VGN4bTZIR0N6aDRpX2hyMS1SdUhiLUpNZ0pIMDhRYnVzUDdYc2ZHVlBtU2pBX2p2UEE3ZnlhdldQeG5WRXFQNlRJVnBMRkNsX1lEemRtY3VPYmxlcmtnLU1IME91M1QzZ0FLRHBkdXlySkkxSFZ3clQxc2dNclpDUkMxSWZqVE9SRlpqWWppb1FIbWRfNTF2ejlLaTFUX2YzWEYwN2hRdVVESlBNYXR3R0dONmpwRFBRbC0zYVJETWpOdEltZGJLVV9HenVNczVZLVZRV3NuakhzU0Vpc0xYUmJ3SktPQk9XUi10RFpHV1p3dlhMNm1hbUpFOXlHMkN4Ml9uVURTS2pBRVN1cng3YzBKeUlEZzdFaFhhR1FKb09aYllkaUhKaGt1RVZxUFdST1dkcG9hSUxIaFFzNWNVcGJhSFdIaUFmYXY3VURCZl83WVBaQkdTZl9mcVJwVkRsXzhEVzBSdGlDRHlj?oc=5,"Mon, 19 Jan 2026 15:19:00 GMT",MarketWatch
Bitcoin Drops Sharply Below $93K After Stable Weekend - thedefiant.io,https://news.google.com/rss/articles/CBMiiAFBVV95cUxOYzlTOGloVXl5N3ptdVYtdjNEUmJFNjk0aHgtNHJXc2dLeFZldWJ1UFNsenFLbVptZTU1bG9SN0FHcHZJWFIxMGtqUUxkc3V2bkNGX2dYUlhHUE9jMDNLcGFfUGJqQVQwTnYwVzB6TURnZXlmS3VDMkd4NUtGbnpfT25YLW55N1FF?oc=5,"Mon, 19 Jan 2026 15:37:45 GMT",thedefiant.io
Bitcoin Slides as Crypto Markets Correct: Is the Golden Cross at Risk? - Yahoo Finance,https://news.google.com/rss/articles/CBMiiwFBVV95cUxQUjRGS1F3dDduZEtHME1fQ2F6VWFmeUR6ZV90ekxXVjhleFpSY1NrWTZ3YWFKeHpvRWRwQ2NRbWJTcUJ0Z3lNbFlpN3BjdGktM0lQQ05uMWEtMzZrTThWSzUyT2lFYlZzTmRFeC1JTE0tdV81bzFzcDdzV1hsVzZTNGE0czdnSXQtaVVz?oc=5,"Mon, 19 Jan 2026 19:25:26 GMT",Yahoo Finance
"Bitcoin drops below key support, triggering $815 million in liquidations: Crypto Markets Today - CoinDesk",https://news.google.com/rss/articles/CBMixAFBVV95cUxPS3JCQTNuWjRycG1MdDZNcWVzbGk4aV9fa29pWkdVbmgwajNheVJ5MGhMTDE3d3Zna3RUN2RBa2JhUEZycTZmRG1PUFo3LTFkV3NuVDFpemQ5dDdNSnhGbU5tSWJCMWpxa19ZVlFJQlhxZDc4cTctaXBkYnJmcXg0UmlUZFBQaWZJZEhCeFp3LUJtbGM3WnVORGEzbnZpNjdGR3lRODhwbkxIcGxJSjBOeHJaV2duemtCcnlCbUptei0tbVZz?oc=5,"Mon, 19 Jan 2026 11:54:14 GMT",CoinDesk
"The Daily: Bitcoin slips as US-EU tariff war fears mount, NYSE develops 24/7 tokenized securities trading platform, and more - The Block",https://news.google.com/rss/articles/CBMi7gFBVV95cUxQSE5LU21yX2p1bXg0WHpWVGJCdnN0blduRVNJNUh1eTlqLTVMUXV1bmQzYjNBZFRoc1pXSmFGX3BXZDJFWkozWWxwSFpNMi1FMjhhYnpqSDFMREVLSlhPVDhpUlRGa3R0UEVjN2dEeDU5OEM4czAwWVpYeXVJUkV3RWJVQUxwUDRRZ1NKSXd3MjV1c0lzenBsWHZOYkZCSWRPRXBkVVoxQ3FEcDNRU2t2UGhJVjZqRzNFNmVodXdGWTVPa1pOU0htMmpOOHVzSUNCcERra0RkSGdJUHdlVVRrNHZHZERzSkpoOEY2VlhR?oc=5,"Mon, 19 Jan 2026 16:01:02 GMT",The Block
Blockspace Acquires Bitcoin Layers to Expand Bitcoin L2 Data Intelligence - Bitcoin Magazine,https://news.google.com/rss/articles/CBMidkFVX3lxTE5VTDNaT01EN3Z1YldEbmY0THFoSnN0bnRBR0J4LXhjRU9ieEVXNkNzeVA1Tjhvek5mbFJoQ1kxczFMeElWQllxZ3VpYmFpZUtuOEVUX0JsazA4ZEt3dXExcVhwdWluaDh0cGw1T0JkUFE0a2o5aVE?oc=5,"Mon, 19 Jan 2026 15:34:48 GMT",Bitcoin Magazine
Billionaire warns Greenland episode shatters Bitcoin myth - Yahoo Finance,https://news.google.com/rss/articles/CBMilAFBVV95cUxOQkpYZkxLdG5Jck9OTThpQi1OcElNZzlPSUxyNXJXTDhlQVI0WFI3UHhyRTVzV3hBQXZsdUhENG9HeURWWm1KYWw1dTF1bGRXVjJXQUNhc284LVVUUW9rTkswbkNwRU5zcFNsaDdNS1BYZmw0WjMwR2tXdzU2Z3FuS2lUTTNoTERfS3phUHI2X2tKVkh5?oc=5,"Mon, 19 Jan 2026 21:00:13 GMT",Yahoo Finance
Bitcoin price briefly plunges to $0 on lesser-known Paradex exchange - CoinDesk,https://news.google.com/rss/articles/CBMi2wFBVV95cUxNM1JCcmZ0LTA1bGJTaGk1aFhtUWZsRnpZYThFa0k5MUc0UGxOWWMwTXM1YnVoTEc5cDlzZ2lZYjhtRTBqYnJhcmZfZkdLdmxQRGpHakFXdUNLaVZDU2VJNGJfb3BvU0paclZlTmdiRXhkdV9wYXI1Y2xmcThyN0ZuX0YzWDFzdWQ4VnZUUE1SdXhST0ZKSFZtWTVUZWtZVFFvdVZhN1dRdld6MFEyN2ZJLW0wYWRuVmlGUk01U1ZfUmR0ZEdRdXQzQmZxVUNVM2dPRzJ1V3ZLY0tZSms?oc=5,"Mon, 19 Jan 2026 13:30:00 GMT",CoinDesk
"Bitcoin Miners are Losing $8,000 for Each BTC Mined, Hashrate Drops - Yahoo Finance",https://news.google.com/rss/articles/CBMifkFVX3lxTE1rUmttc0ZkdGV5RVJzVnpLWkVRdEdTcFNNUDFuRjVJcXRhQzhOcC1GSEc1UnB0dGoyUWpHRHRvM1lBUkpWR1N4c1BGdk1XdHBFSUhURlBaQmNRTHJQeXkwX3MtS2FSbU9UbEwtWklBWktuQTZpTGk0UXE0QXptZw?oc=5,"Mon, 19 Jan 2026 19:34:44 GMT",Yahoo Finance
Bitcoin Hits $0 on Paradex After Starknet Glitch — Mass Liquidations Force Rollback - Yahoo Finance,https://news.google.com/rss/articles/CBMigwFBVV95cUxOMFV6ZjQ0U1d5RUZzOEY1X0kyNlNnbEVFR0daVWY5Q25WT2tDMF9TVWRhYXgwQ3BzbERuMjgwYmtMUWJWalN0RGtDdTlVM05yR3dEUWppN0dqTm9CZXRyenRKNkdhSUxKV2UzVEg4aDMzYzFUMW5qMG1NYUVDVGZaNzByRQ?oc=5,"Mon, 19 Jan 2026 16:36:40 GMT",Yahoo Finance
"Bitcoin 'OG' Sells After 12 Years, Locking in 31,250% Profit - Yahoo Finance",https://news.google.com/rss/articles/CBMie0FVX3lxTFBYa2N2V3dvUUFCR255WnlSNVNrYjVYMVFoc2Z0VTFic3N4NFpudVNJMmJhSWVmY2pKMXF0MDNYcVpxUFp5UVlZelZhZzJ2M1FIMnZsb3A5ZEpiZFdMRnhnc2xXb0pkOW05cTFQQmZZQzFEZTN6eG5sa2NQbw?oc=5,"Mon, 19 Jan 2026 11:46:07 GMT",Yahoo Finance
"Bitcoin, Ethereum Surge Propels Crypto Fund Investments to $2.17 Billion—Best in Three Months - Yahoo Finance",https://news.google.com/rss/articles/CBMifEFVX3lxTE9zcjFaaExMVlZNa05oRmNsYUJVazc0ZlpVTWo0VnNGTlhVOUNQUjE5VlVwM2NsLWJjQW1rdFllalZWYzI4Ymdxd1VJbXh2REV6UlQzaDFFQ3hmQUhacUZTU0RjRW5PRTJ6VHpqeDBIM2JoWmc1ZTJqVDlqSVo?oc=5,"Mon, 19 Jan 2026 14:53:33 GMT",Yahoo Finance
"Are We Entering Wave V? Further Bitcoin Downside Still Likely, Analysts Say - Yahoo Finance",https://news.google.com/rss/articles/CBMigwFBVV95cUxOQkFJbUFETDI4WmpuMTVOQUpsZEVWVzVhQ0w3ZFZaaUotM3JIX1E3VnRBNEQ5bVQzSWtGek5zU1VRUk5CMmJVMER6SmRXQ3Jsb3ZmTzdHc21QTmZ3eTAwNDVNNEdWNG1FZGNWZ0lwZUF6X25aM0hqZGZTZFRZaXRJLWxuMA?oc=5,"Mon, 19 Jan 2026 16:33:10 GMT",Yahoo Finance
"Bitcoin price holds $93K, proving bulls see a 'buy the dip' opportunity - msn.com",https://news.google.com/rss/articles/CBMi3gFBVV95cUxPbFNYS2F4OEVxNnVTeFNaS3hFMmFuY1JZbzliMHI4bFg2X3Fhd0c0aUpFY1ZCMFBlQmc2eE1WdEVZNWswVGszX1JEM0U1U2trNjlyZmxmT3dTdTlmOW9qMWR6cDcydDE5VUthXzRBWHpCRHo3aDhXLVpWc3dsUVFZTmhhb0FCMXlfNWIzWXFaV2ZoQ3JBdlFYazMtZ3RfOVNOOFYzYzhGbzBzckplaFozZlp5X1dpbjhPcUx0NHlsQ3NZcTRrT2EzTkNPYVd3eE9ZSmtBc3AtdkxNN1E5Y0E?oc=5,"Mon, 19 Jan 2026 20:13:44 GMT",msn.com
Steak ‘n Shake Adds $10 Million in Bitcoin Exposure Alongside BTC 'Strategic Reserve' - Yahoo Finance,https://news.google.com/rss/articles/CBMidkFVX3lxTFByaFZobEZib21xQUNQbXM0YWRiVGY3Y2hGVXVSSVoyNm9ZZm9tZDdwV2pkYU1mY3BLMlFHNkpHVmZNUmFUMjdVeGZGYUVCbFljUWNsbjFNbzBKY1FqZlNVcF9xdjR6MVZvenZtSGw4aDA2UEFPZ2c?oc=5,"Mon, 19 Jan 2026 20:11:17 GMT",Yahoo Finance
Steak ‘n Shake Adds $10 Million in Bitcoin Exposure Alongside BTC 'Strategic Reserve' - Decrypt,https://news.google.com/rss/articles/CBMingFBVV95cUxPMmU5SDNIaTRKdnlxNnVxejJIZGwyVVJyU0xPRWx4eXRINGJ5MUY2WDNrU1RoZHBiUFJkRks1SGQzNjkyNzBfdWt6cWh6WVdzNlNwSmN5REVxZTk1QmJlODZwYXNNWlNyZTN1S2lKX2JfTE9wTVNmMzJmZGxTQXpLY2NMOEpjRHhPSlpDWXZxY0REMWo2dlpiQjhkNWlnd9IBpgFBVV95cUxNY09BZzlITTVUcTRiVXBoWEMwM0F2RHlNbVVWcDBTc0xBdGNXZmlCTVEyUFdZcG5hNEpVbU9TN3dWb0RrX0E3LU1kWmlUVzljX1U3Vk9uZHUtTVVkMnJZdHBhZm4tVF85eUFOS242SHhlRm9zbHVTRFFwYjlxQlduZHJRbXpydkI0RUJVSDJ4WXB4RHY3UnZBNUdEa1RpM3FNeFhENXhB?oc=5,"Mon, 19 Jan 2026 20:11:17 GMT",Decrypt
"Peter Schiff Says What's Happening Now In Gold, Silver A 'Harbinger' Of Brewing Financial Storm: 'Not A Positive For Bitcoin' - Yahoo Finance",https://news.google.com/rss/articles/CBMihgFBVV95cUxOcS1EXzRRZTR4d1VhNzdvczd5bzNaRC1velQ1OEs0VmJhVE5JcGNMdnRXU01OeU50dG96amI1TDZHc0dIVFcxQ2F6Mm9EVldJYjA4YU1JNnBhaUlHbEgxS04wNy0xRHdhQzRGbXV0T3VIRWJsSHQ4OUx4a2ljYWZoNjhDZ3Nqdw?oc=5,"Mon, 19 Jan 2026 10:46:14 GMT",Yahoo Finance
Bitcoin Mining Institute to bring job opportunities to East Texans - KETK.com,https://news.google.com/rss/articles/CBMipwFBVV95cUxQcFRJV2FQdi1QcDdKSGlIT3hfV053SlExU2lrakFkajFFWmNsUFFFVlVkYk5IOEhiZGRWc3dPeUZ2Z2hEVmlHdVA3bU5wcEFmZm1fVGpucEl2RHNzTE90VWptaFN6RzVic0Mwc0VfRkV5NjNxb1FaQktOZkRtWFllNExIbjc3NHhQMHEwQzNjWDRDdk5jUGdIbmhTOHpIdTJsR09NWkVwd9IBrAFBVV95cUxQUjRQVW82ZV9vdHNObVRKdWFMMk9aX0ZzcFljSTlhTjFkZjh0SEJoQmVrY3NwdEdOVnk4OUVOODBrVnE1ejlUWlFSZHV1MUFBYnQ1ZEpqUlVFMEloZ0xiaDV6OXdhRmJqT25WbHdkS2pXQXd4WTlXa3lVVW5BV1pVQjhScmx4dEVjYk91UG1kYVI2akhxU09sMWY2eENfc20yQVJzUjR6RVVwU1Vf?oc=5,"Mon, 19 Jan 2026 18:42:14 GMT",KETK.com
"Bitcoin Slips On Trade War Fears, Sparks $865M in Liquidations - Yahoo Finance",https://news.google.com/rss/articles/CBMigAFBVV95cUxNQ3NiTUw0SWg4bF8wbDFiQ0FUODAyNms0ZzlFbWtMTjNicmlWS3BmUzhyMnQ0Y2NidGdORWpyUE9kWkVKN241Z2t6ZnZfdXN0a1cxeVVnVWZVMkhiSkZVUXVuTzBURnF3VlNqVTJQdmFBYmpJWlZiQ1MzQXBZVlBBeQ?oc=5,"Mon, 19 Jan 2026 03:52:39 GMT",Yahoo Finance
Cleanspark Inc. (CLSK) Ramps up Bitcoin Production amid AI infrastructure Expansion Spree - Yahoo Finance,https://news.google.com/rss/articles/CBMihgFBVV95cUxOQzBvYXpnSFdKem1LTmhKLUZIanVad3ZRZWhlZ1dsbG8wSm43UkduUkFQd1k5UzlaWEowR2V2NmFBVnJZdnVIdFRWY1BxNFZ0dXRlMFBac2V5d2Q3UWFfOUZZX0Y0cDMyZHRjRTZLY2hjSGhMRG92UGphU1dPLW5raDRoN3dLdw?oc=5,"Mon, 19 Jan 2026 13:15:09 GMT",Yahoo Finance
American traders stall Bitcoin rally - thestreet.com,https://news.google.com/rss/articles/CBMigwFBVV95cUxPVFhBSXBSQklVdW14b0xIb0xGY1I3ZXVrbHZpQ0NWZjR4V1E5cldCMHFkWXNMdl9hSHVFZnVkdUpBdFE3M3V0LTJHdWdNd3J6X3FnNG16akpjdXZSMHhrUWJ5Rjh6b1pLWnRlU3ZtaklENnBlXy1GMmxFclhlMk9IWkpxUQ?oc=5,"Mon, 19 Jan 2026 20:58:19 GMT",thestreet.com
"Glitch on Paradex Exchange Plummets Bitcoin Price to Zero, Triggers Mass Liquidations - filmogaz.com",https://news.google.com/rss/articles/CBMiRkFVX3lxTE1jeW5ZdmxKT09ISDM4NzJSbkJTbk9YQ1FLWkRmTGlaMUdUVGpodXZXbWxhbWpMQzZfNWNoUERvSU1tQnJSX0E?oc=5,"Mon, 19 Jan 2026 20:24:05 GMT",filmogaz.com
Where Will Bitcoin Be in 3 Years? - The Motley Fool,https://news.google.com/rss/articles/CBMigAFBVV95cUxOVHR4MExWSlBzbXNZVGc3N2s2T1JMTFhidXRPdVBJSTBWYWZ2SXJtRlEzRkY1Z3ltRWhzeFpvMGplb2N1bXhkbEpSZVNPQjNoYXdYS1pVZHlfRWZPTVZ2NTE0d3VOSW1VOUVuZ1JNYnBNRVB0cGJsV0tQOGM2c05ydQ?oc=5,"Mon, 19 Jan 2026 11:15:00 GMT",The Motley Fool
Should You Forget Bitcoin and Buy XRP Instead? - Nasdaq,https://news.google.com/rss/articles/CBMihgFBVV95cUxOdEpyMmMxeE4zVTF2RUJUdk9mWndjOURLbDRFZFlGOGlzZmQxbFhJTDJfc3E4cklkcTZHMC1UeGV2N3lER0lZOGhiNEJzNkMySUZSZlp5ejdWUFdQZ3NickE1XzJOdm9ZclVmTU9xUmpaOWxBUjVUX1MtY1JEaGVhTHE4TWVBUQ?oc=5,"Mon, 19 Jan 2026 13:40:00 GMT",Nasdaq
Bitcoin Weakness Weighs on Coinbase: Diversification Offers Support? - Zacks Investment Research,https://news.google.com/rss/articles/CBMiqwFBVV95cUxNX255MC1CUHl3SnRxalZoM0xpZ3dLU2thY1ZXTndFMmNVQlBQN1pXUHgwUzVwdE14cTd4Y1JUcVN5NXBFT0NoaW5vUmFjS0M4M2FXZnl4ZkkzNVRaQ2lKVG5aVjNuVlBOek94cnpvQ0s3QVdKZW1POVV0dFZNdkdOYjQzOUVuVHpJa0tBNWdrSkx0dFRibXk2WFNqRHhSdXFnVjI1UXdBSHhVY1U?oc=5,"Mon, 19 Jan 2026 17:03:45 GMT",Zacks Investment Research
Is Poland's president promoting a bitcoin platform? - Euronews.com,https://news.google.com/rss/articles/CBMimwFBVV95cUxOTFduQkZyZC03ZkJ5UUNLSVNMOXpGdjBmY0djTlZoeUJnTmxQalZYNWQzYTJTcDJxaEkxU3UzQXhKSkJ0MGtsUXdWcVppTF9na0hEVS1KVjJ0UmlSYXNMTV9hRm9lTE5GdDAyUlM5V25qWjdxSVJJc3lxRlBmNXNmRUM5SFNDbk5mMlp1QUc5ODRyS2dXRTF3aTVENA?oc=5,"Mon, 19 Jan 2026 15:10:58 GMT",Euronews.com
Does Lemon's Bitcoin Credit Card Hint at V's Next Crypto Growth Lane? - Zacks Investment Research,https://news.google.com/rss/articles/CBMiqwFBVV95cUxNZFRwejNzZUowSmhCdDJ5ekwyaWpaeG9LTVB1ZGtpU2J0Q0FuVG5OTEV1Y3hreFNFbk9Yb2RzbU9JN3ItUGdmUm9PemxqYjJXNE9GOXJjcmQ3ZFc3R2E3MEozRnlwZ2VpNGZSV1NkVE9hTUhpRUt4b0RPTmF3c2JzcFlGU2EzWVoyT3JRSmQxQW9GVkk4Wk9MbEZzY0F3VFhMT0VBbmt5MkE2Y2s?oc=5,"Mon, 19 Jan 2026 17:31:36 GMT",Zacks Investment Research
Bitcoin at $1.6m? How Greenland fears and dollar debasement will fuel price - dlnews.com,https://news.google.com/rss/articles/CBMipAFBVV95cUxQNzNvbEc2UENTSjhQUXZmbHNYTUg3UlhFeG5sdy1zTjF5a2NfVDMwR3lwOXMtaUNwdjE1Q1ZfU3o2VkRLcl9KQVI4MHpVWE93MFI4TzV6am1MWXpTWDdOdXo4MFRPalRWTC1aTWhOczFubkRDQU8zd3I2YXM3cWU1WENGeXltUVZ0X1E4Q2tUWEl6OUtvUVRrTzdvRHdUUzNMWGYxdw?oc=5,"Mon, 19 Jan 2026 11:39:40 GMT",dlnews.com
Bitcoin slips below key support as tariff talk rattles crypto: Crypto Markets Today - Yahoo Finance,https://news.google.com/rss/articles/CBMigwFBVV95cUxQcEpzb2kzTE9ZWnc4RWZMUjZkVnljNFNDcGZfbTloeE5uYlM0MkVWaV80QjRSZjJ3a1VnaFJ3R2xQR0tISWJrcVBNS2ZlSVk2WGNpSGFhX1hLdmRmcWtjcEo1RmJlWkc5SWc2VjZELWpCdjdmck50Sjc2dFJQejVReVZVMA?oc=5,"Mon, 19 Jan 2026 11:52:52 GMT",Yahoo Finance
ONE44 Bitcoin Analysis - Barchart.com,https://news.google.com/rss/articles/CBMidkFVX3lxTE50QnFGR0dNenBUenZFam1MUEozc3B1Vm1BeWNaZWlrQXdfUVlIcXdaNVVXMVlNWFgzUmtvTEdNRHZUbHpZMHcyOFpJTllUTnVlTGNCZlV2em5JbEtDcHE5TEhLblFrcjZmTXRGN01JUkw5aHlBU1E?oc=5,"Mon, 19 Jan 2026 16:59:06 GMT",Barchart.com
U.S. pension fund makes surprise buy of Michael Saylor’s Strategy - Yahoo Finance,https://news.google.com/rss/articles/CBMigAFBVV95cUxOdzJleEpkeUlVSmtPRFU2X2Q0dEFmSUE3UTRwZGhTNjJLNldwakdMVG9WOGlFeWxHX2JxOWdSbEtDNU1fcnhlczBGc01FNTZZYnFGb2U0NDdzcTg2YXY0T0FOSzNxNmlZYnctZUZtUVdyalNoLUJSamRUX1gxMm5zMg?oc=5,"Mon, 19 Jan 2026 17:24:56 GMT",Yahoo Finance
"Bitcoin shows strength at $92K, but is the bottom in? - msn.com",https://news.google.com/rss/articles/CBMixwFBVV95cUxQcXNWZ0dONUZ0X015Z2NQWnJzWkh5Q2xnVHNBc1VKRE50dHpyZmc2aXNvYWhDdlp5Sld5VlZZdExEWWpNcUd1MTlVcUwzbzNxZWpCcjVlWlZld2M5UGREZ01uVVdfWlZQZEduLXpnWHh6blBZRXpxbjZQaFZ6R1N0TTJiZzUzcFdLcUUyYkxMUzJySEZPczZXeUNTcW5qNXkyaTVHb0xFWWlMUm1xdFF6LXZ5TndTVlo5aXRyQ3VTckw5Nl9ncENR?oc=5,"Mon, 19 Jan 2026 22:14:20 GMT",msn.com
Bitdeer Technologies Group (BTDR) SEALMINER Mining Rigs Fuel Robust Bitcoin Mining - Yahoo Finance,https://news.google.com/rss/articles/CBMikAFBVV95cUxQQUVFdWYxWDM0c2JFWFlqTVBSNE1XTHB2MnFDbUZxbDBHbk1uMkRqZFV0ejdaUEhPNU9QUk9yV0Y5NmJfcU0zSkZGdTVJZzBmdTFNWmZsV0ZITVN2aXMtTVd6SzhpY1ZBb3U2RFVCdzhaMW5Vaklac3dhWERET3Y3aDllbldNNmhURFgzT2loOEE?oc=5,"Mon, 19 Jan 2026 13:15:10 GMT",Yahoo Finance
Bitcoin Falls. Cryptos Face Deep Selloff If Price Plunges Below This Key Level. - Barron's,https://news.google.com/rss/articles/CBMihgNBVV95cUxNZzRHU3pSR2tnb1JJeGxuVUlxN1JaVkdNQ3dfMGtiRG9LdFdUZ1AxXzdZNVNaYWJ3cFNMOW8zWUNEUFROMDRjN1QzMm9Sbkx4VjkzUTlhTVdqWHVWb182OEJ5QTRQQVUwYUtZX09ndzVWWjY0SjVqUWJuZXVzN3RVVW96LUF5MFhMUVVOdDJjSGFDN3hoRmNVaW9WcXhqX3R5OU8tRV9oMVdPMFNBWThwLTF0MURLMWlGTlB1WnFXX3ZtcU9EdW9lV1Z4MVNUbDNQWlNieG9iQ0wwLWs2Q1BGU0dJTXlCTkRRZ2xuN2kzaWdMQXYxTGZiWWcxd29QR3JGRWFaZVIzRFl1MFFlZmVNNElMU2ZRYWFmcVNic19jMFAyX2FCQS1GMmhtOUhaTWJDbnc3eEFmQ0hvNS1vS0NmZ3RyOFl1RGFJTGY5dU9XQloyUkZZblNhd1hlM1RBell0RzEweThpWlZaRTJWbmtranRiZ296QlNGTV9NeWVHQWJrSG84Q0E?oc=5,"Mon, 19 Jan 2026 10:49:00 GMT",Barron's
Video. Is Poland's president promoting a bitcoin platform? - Euronews.com,https://news.google.com/rss/articles/CBMilgFBVV95cUxPNDFDR2d1cl94Z09uUjJqdzgxQTdZV1BNQjRLeEZPN0s0TVEyWXRGekNiNmNkMGtwSzhCY0c0V2xUT2N0THJIZFY2R0h6Sk5BNlgwSUlFUUMxLUh4RHdTX045c1RuNnQzUFVBQ2JwSzVIbjRhMWtwTk1uemxJRXBLR2pHWW1leV9oYm1mMHpFSE5vQ1pXQ2c?oc=5,"Mon, 19 Jan 2026 15:10:58 GMT",Euronews.com
"Billionaire Draper: Bitcoin to Hit $10,000,000 - TradingView — Track All Markets",https://news.google.com/rss/articles/CBMipAFBVV95cUxQTElkUTJZc0N3dkJaa2xrWnV4c1NGbDhJdVNlNldoVkZaYzFoYU5YcDdmNmNiNEthTmVpT291dFpFc3AwTF9JMVk3T2lZTjJZTHBMbldzdTdSck0zQXc5c3NiU3l0Y0tVdkZEVGJxZzY2M3BwX0ZTekFMZ0lOVVFfd185bEdJcVQ4NU9UZ192OVd3Uk1haTNoU0p1XzNZal85VlZLNQ?oc=5,"Mon, 19 Jan 2026 18:45:28 GMT",TradingView — Track All Markets
Trump's Tariff Talk and Policy Gridlock Push Bitcoin Lower as Markets Turn Defensive - Bitcoin.com News,https://news.google.com/rss/articles/CBMirgFBVV95cUxPLXRWOWJBYUNOQlYwVWt1MUk2RmMtXzBoVEpjV0lxVGc3THNjQXlsdTFjSmZSWldkcTRUcG5MRjloeURkYUgzTEhYTWVjLUZmb1c0dEJ5cEhlaEpLVjBCWUN0OWZhTjc4NjMzenZNZEdQdHd2NDJiekV6ZC0tWmpVYW8zWTBJcURXM3laSHBuclh4VXo3OF94X2d3bU42LUdTT2xRNG43X2FJaDVRRVE?oc=5,"Mon, 19 Jan 2026 20:27:03 GMT",Bitcoin.com News
Blockspace Expands Onchain Data Suite With Acquisition of Bitcoin Layers - Yahoo Finance,https://news.google.com/rss/articles/CBMiiwFBVV95cUxQRjd4eE15NTd6SjltQVd3VlFwWHlZa0lqc2NHUTRjajhRUDBkLWlNakVvZFR6UktaMGNwOW1NZ0NUaTRRdTQ3aFVfTndxMG84djY0eU9NTmdOU2U2UWRoaEttVVBYd0cxWXJQVGJ4LTJVaDA2clF2eVoyVXpCUWt0SktrdjRjWVMtVFRV?oc=5,"Mon, 19 Jan 2026 17:31:18 GMT",Yahoo Finance
Bitcoin (BTC) ETFs Post Best Week Since October - TipRanks,https://news.google.com/rss/articles/CBMigAFBVV95cUxNVDZLNHJGa2lSTjhtcHNnQ1NOWDhHUFhfQWtuRXM5aEZqSmpDcDNRemJWaXlKNmttRi10NWV5d1BQaFZsT1U3Q2NXMlFXSEZmU0Q2YmN2WTR0d1FYTDN3aWpoVzI2X2h1dHRENWhBb1FqRG9qRUNEYnE1UUctb09QUQ?oc=5,"Mon, 19 Jan 2026 21:51:21 GMT",TipRanks
Where Will Bitcoin Be in 3 Years? - Nasdaq,https://news.google.com/rss/articles/CBMicEFVX3lxTFB0bE9Tdkhxb2gtaGFFNExHUHU2UllNOVlVb0txSVdtUXhWa0NPTFpUTUhEeHlJMTZCdzJXUm80YWg2eWI3MDN5cFBLUFdVYldjeEwxOEhiamdWZWZpQXN3WnIyTG8tRFJUREI2YzVXV1c?oc=5,"Mon, 19 Jan 2026 11:35:00 GMT",Nasdaq
Why Is Bitcoin And Crypto Down Today? Key Drivers Behind The Move - TradingView — Track All Markets,https://news.google.com/rss/articles/CBMivwFBVV95cUxOUmVGX2U3MmNXVUVORE44MnlnczlQUE9vUWtzejUwSm9NZXZ5MWdENWFUYml3Ym9iSW9mR0ZOSlFfbmNKUGE1c2daSDNpcmtNb29IR3JDVklkdnRSNXBIVUZjeGdrRVdBVVNpSUdCV2t3MFhHcm9zWnpqOG9LcWp4QXdna21uRGVEMVFpeTU3b0xOazNhSEZVN19ZanphWVhBdTlfSFJSdjNuYVY2dko4N0tuaUFmY1VZUHk0ME9zWQ?oc=5,"Mon, 19 Jan 2026 14:30:18 GMT",TradingView — Track All Markets
"Traders slash odds of $100,000 bitcoin by end of January as Greenland tensions rattle markets - CoinDesk",https://news.google.com/rss/articles/CBMi2wFBVV95cUxOZ1AxMGVfaFM4bEgydjVaS2xBSGdDazZtUEotYXU3N09DM2x4M2k2c2ZwZzlqNzVSaE1wMk80dU5icXVKeHdjQmhZMlc0MTV0cGZCcGZZTHY1M2o3dzhzT2h1d2Z1Q0VzSE52STduMEUyeFVjR1RXZEhnV2k1UXFKM3pacnBId0d1YXQ4Q1ZveUZkYTMwRkxzUmZ3NkFCUTJhN3ZfM1ZCNG84eXZzNmFMTnc3OUozZGxfM1VyeWlEeWZic0JxVHpTUDEyekw0QUZvUzZmalZ6SlBERjA?oc=5,"Mon, 19 Jan 2026 13:36:57 GMT",CoinDesk
Steak 'n Shake Bolsters Treasury With $10 Million Bitcoin Investment - Crowdfund Insider,https://news.google.com/rss/articles/CBMitgFBVV95cUxPYWhCSDRZOXFCWG9WS1FiLTJGem1sdGxPeGpLNy1KcUNEd1FWa05SM09vME1BZUIwdHNvS3pCd2pSaFpwZmpJT1o1a3owXzRMWnk2M2RWcmNtbEJhVTJtWGNjZDBaSTJEUko1SURuUjhabnNtOEtUbU5xTkxQR1FLcXVYTktPTS1FZElRMEk2MlB3T3R2SFNueEphdFNPSkRHdFFNVU10bHNncDNsdjkwSUYzYW5xdw?oc=5,"Mon, 19 Jan 2026 14:20:47 GMT",Crowdfund Insider
Bitfarms Ltd. (BITF) Announces the Sale of Bitcoin Mining Site in Paso Pe - Yahoo Finance,https://news.google.com/rss/articles/CBMihAFBVV95cUxORXd5WC1VZ3BWSnJ1enlGQi13VFNUYldZVDJwZ0pZSFVkaVVnQjBjZHowZDNjV05iU2dCbzk1T18yMGNVWjlRaTVCeVdfNHhIenV6NEdYTWZLa2RJTEJScWFtU09heGtCTnJKWmpqa0s1MGU4RkFmanVDOG9xcUJZY1JjR3Y?oc=5,"Mon, 19 Jan 2026 13:02:08 GMT",Yahoo Finance
"Bitcoin, ether, solana and XRP extend ETF inflow streak before reversal - CoinDesk",https://news.google.com/rss/articles/CBMiwgFBVV95cUxPMDV1eDUycmFWNXRtZkR0OG5HOEpfNjhHdlJiT1lQZHl5b1QxRlN0NFJqTXRweFlDckVKVHJSZ0lMRTZoSnhpcHdPa3VySksxQkJ1WWd3Z2NWVkNEckwwV3BBdWFpQkl3UWM4TllTN09yQjhLOVl3b1JONEZUUUdHeTA2enI3UUExU0kyWG5peVBhQkNMZ3FBMGYxSk5wRUM4OE1nYWFWRjBxTERpdUNwQXl6cVFzcHg1VWdrOVRpYmc3QQ?oc=5,"Mon, 19 Jan 2026 13:52:30 GMT",CoinDesk
Bitcoin could be your only liferaft as Bank of England experts brace for alien disclosure chaos - CryptoSlate,https://news.google.com/rss/articles/CBMivAFBVV95cUxPRW5ZQ2Ryc2lSX0NMaHdRUldsUDh2aVdmZ18zcVl1Zks3YUdKZ25RNVQtWTdkZmxBdWFTeW5OalF4YXZZcGNIcDl0M3ZVUmMwRlJmdEtUWXRZRlN3aHhDTEppaFBfcTlYVWR2cXRNbl95bU03Wk0yUGpHbWNfM3FOVmN1eTJWY21ud1BoUDIteW1CNFE2dW1TX05sXzF0U3R3NWtiRVNEemJxOUZ1NGU3NmdwYzd0SzdhVmxzdw?oc=5,"Mon, 19 Jan 2026 19:30:00 GMT",CryptoSlate
Bitcoin and ether ETFs log their best week since October - Yahoo Finance,https://news.google.com/rss/articles/CBMifkFVX3lxTE1rMURZVlBxOHM1OEZQMVpOZkRES2VNVTJzYTJVOWlpZmdqZmp4NTJKWFhVOGdYOFZkd191QmtoYUFCZzh3Nk9EVjhUN0IydjFRQUVwemxxWDVuNV9MY21hdm1TNUN4UEhCblpCeUFLVU44ZzdQcm1EOENwWUJ3Zw?oc=5,"Mon, 19 Jan 2026 09:09:00 GMT",Yahoo Finance
NIP claims to have mined over $14 million in Bitcoin in three months after launching Bitcoin Mining division - Dust2.us,https://news.google.com/rss/articles/CBMi1gFBVV95cUxNZXdXR2RHa1NKeHRpZ0ZfVmVpYVVSanNyNGNBYU5aZUJlVXJtWlNIVDh1M1BGTGd2Nmp4YUdjelJNZ2ExekFIS0Z4d3JQZUcwQW1raUxKa1hSRmRwVWsyenptakJzcFNsMXpVcG4tWFFrWU9JcjhYa3RIYzRVWGFyeGZnU293U0lweHRPOTFzczNWMmVPVFJiamEySUY5Nl9JV2pOOEpZSWZ6SVZoTXA5eU1rUEFHRXIwbzBiQVRMRF96YnFSaGRJZ0l1T3RoaUV0S1R0QjVB?oc=5,"Mon, 19 Jan 2026 21:33:35 GMT",Dust2.us
"Can Bitcoin price reclaim $100,000 in 2026? - Crypto.com",https://news.google.com/rss/articles/CBMigwFBVV95cUxQWDgyTDRQM3k2SEVMTGVJRlVrUU5oWHRCbW5tSWg5RUdtdlJWdFFnSzN2TVR6YUtTWHd2RnZ1S3ViMGp4R0lwQWNDNzFtQ2FfM0sycXBvVEltRWttUU53UUs3YWkyZG0tdWMwU3ZfOFRtVWtlWVpmcWcteE56Z2syQ1Fucw?oc=5,"Mon, 19 Jan 2026 16:55:00 GMT",Crypto.com
Grant Cardone’s company invests $10 million in Bitcoin - Crypto Briefing,https://news.google.com/rss/articles/CBMibEFVX3lxTFBUOF9UanR1NXF1UzJuc3R0UlRQbTFjcHlzQWo5S1ZXS0pwaEI2c21aSVF2dXFfUzBNV0F3Y3JqNjhQWUE1YnFJeEFGcUhNX25vaThEbXpKTEd2ckJ5amNuZUtETjFPYXl4QVVacQ?oc=5,"Mon, 19 Jan 2026 16:51:54 GMT",Crypto Briefing
Chart Of The Day: Is Bitcoin (BTC-USD)... Back? - Seeking Alpha,https://news.google.com/rss/articles/CBMieEFVX3lxTE5MTFRWbl9SYnplMmI4bFdPb3k5RGNSRGYzT3RaY2NLc3BvU3lzdHhwOFhmVVR6X2Jqb1FjeWxYYUNqZTlzUVZJS0lNQVA0cVBacVBtN05LV1FiMFRSMUFoRkY5Y3NOZFd1ZFNEUUFEekVQblI0MU1UVA?oc=5,"Mon, 19 Jan 2026 11:30:00 GMT",Seeking Alpha
Louisiana $15.6B Pension Fund LASERS Gains $3.2M Bitcoin Exposure Through Strategy - Yahoo Finance,https://news.google.com/rss/articles/CBMif0FVX3lxTE1HOFpPYnBkb2hUMzluQUp4RlpGWTFBVm83Q2tlaDNKVktUQkRUOUtGOG1uVFcwWnNMUXRFTEpCWmY1NTZGWUZVZnNXbWt3Qm51SDN0a2dHbGZOX2lQd0V6R21lVldKX3NrNktmV08xWnd4M0ljam9lcng2Vk12cUU?oc=5,"Mon, 19 Jan 2026 19:20:46 GMT",Yahoo Finance
Nasdaq sends delisting threat to another crypto firm - thestreet.com,https://news.google.com/rss/articles/CBMimgFBVV95cUxNVkU1SjRFQzBfZlprVUhCcG02VngxZk1YNVNzU0FRUHM3SGNpVGQ1cFp4MGZZMnZBRjdLT2hiUDJFZnY4RXFSYzRUdHdMX1JKNnQ0YkhzRUZnYmxSdHRTVmxOUEhObnBpb3E2TXNGX055a3hjRkFrR043WUY3Njk4Qk5ERmRvWHVsS0FMSFcteXJlVkI5SDN3em13?oc=5,"Mon, 19 Jan 2026 15:49:40 GMT",thestreet.com
Bitcoin hashrate drops 15% from October high as miner capitulation drags into almost 60 days - Yahoo Finance Singapore,https://news.google.com/rss/articles/CBMiigFBVV95cUxQYkZPOUctUE82TmhzMnUyMzdvclJSdi1ZTXJBYy1YOWV6ZGR5WmdEVUhOZm9NYk03dEpaOE9kemhKUzNOUzdKT2VKamFVSW43d1gtR3BwOTFhY3IwMkp0d2EwSjlySjQ4cWZyQnZpYVdxbFlkaFg5eV9SR2RqM3lXUE5ORXc1UlV4MWc?oc=5,"Mon, 19 Jan 2026 12:49:07 GMT",Yahoo Finance Singapore
Bitcoin Slips as EU Floats 'Trade Bazooka' Response - Bitbo,https://news.google.com/rss/articles/CBMiY0FVX3lxTE5zalQ3ZmdQT3Q2aGtVUDVJQThzNmwweGpES0F5X1pOdmVmay1xU1JmRTJsaGZodUt6WVRxZ2NSYzg0anNDek5SWmpBOFhuUDVrN0h6Y0I2VnpDSFBPeEJnODVUZw?oc=5,"Mon, 19 Jan 2026 12:35:41 GMT",Bitbo
U.S. Dollar Collapse Alert: Markets Prepare for Gold and Bitcoin Price Shocks - filmogaz.com,https://news.google.com/rss/articles/CBMiRkFVX3lxTE9vTlE5dHZpd1JPS29qeDRZSVlYTDdBTE9Pd0xIZ3lrYVlxdGJtcEFPY3NBb3FQTmJUaHFrV1l4WmUtMDlXQlE?oc=5,"Mon, 19 Jan 2026 17:41:47 GMT",filmogaz.com
Bitcoin crashes to $0 on Paradex in sudden flash event: here’s what happened - TradingView — Track All Markets,https://news.google.com/rss/articles/CBMiywFBVV95cUxQVjNiX0xyNjlfMGoyWDhsMkoyNkVucG5QV1RfWV9rWVhObjdyUzZQeEhYZ2VFUExOWmxCRmJ4R1Ezdy10M25vV0lNRGk2eUFyZV9nU0dwT2tWSF9OcHBGa3I4Vm9lUEg4S3p5TjlvLWVVbXdrTWZhNjVDa1AwTGVKT3dVWUsyZjJ2NWVMLXdIeTFpTF9pbHhmU3p6V19YeXYzbjdLellvM3MxOHMtZFNRLTJKbUhyelJ2OG9jV2xTU2VxQ3E2RGctWUhUSQ?oc=5,"Mon, 19 Jan 2026 17:28:41 GMT",TradingView — Track All Markets
"Bitcoin Miners are Losing $8,000 for Each BTC Mined, Hashrate Drops - Coinspeaker",https://news.google.com/rss/articles/CBMimAFBVV95cUxQYktPeGM0WmtsNUJDV2RxUUxBelVfN2Q0WXJDNG12dVpuaTY0RVRGM2p1Q3NBZThrWDlDVDZTT3dfMDZ5YVdIN3JIZjI0eTVsNE1wMkVWQmo3RFNLUlhhWlpDSFp5aVdwZW1qX3BzS1VMckVqa1d0X05ZUUtwVXRsemNwSjJPd29hbjlTODI5LU1aaGViSVFzRdIBngFBVV95cUxNanNmVVJEWFBGSWVHVGg3OGxTWHdsaVdIaUJtVTNVQUNHVGtKcDFkUktBS21sZUJ6enpxNkNOM25MbWFWdWQ1S1RWWmhlSDEzTGpXTE42c0dqLV9GTXdDN1hSNWpBQ29TMGMwVTFMVmJ2V1NDeVBfQVJsaDF3OUVkaWw0ZnF1THdwTmFzZGowTzN6WERyanN6MG5haEt3Zw?oc=5,"Mon, 19 Jan 2026 19:35:06 GMT",Coinspeaker
Bigger Orange alert: Is Michael Saylor's Strategy (MSTR) planning another Bitcoin (BTC USD) buying spree? - The Economic Times,https://news.google.com/rss/articles/CBMihAJBVV95cUxPYUtIeXFjLUtGa3QxMk1ra1pVcDBmYTUza1FCbHVVSUprV0JzbnQtUXBnTFJTWWxNb29oaDV2ZWdlRTRSWjR0N2lxeXp3THQ0T3FuVFQyZnNENGlBTFAzUWtSbkpYMk5hUFZzbloyUkpkNy1rVVR2T19tZGxsc3JwOUw5OHhQWE0tOW5Cd3ZBcUhtQTNKNDVNVWp0aUdzWjd5azVWeU9EWExfMlAxTjFLb3JjVGxTNTlia0pQRGtCNUdETDBic1FzUU8tT2Rlc1F3TGt3SFlyNFBsTkhJaWo5V0pUWXE0MHNxZ2RfaWU5WW15RFFwbW9hYzhXeWpOdkFqaVdvTtIBigJBVV95cUxPdzU0RUF3YVI5Y2ZjRHZOUE5SQWQ4X2VubFhLR2VZeDEyMjVhVkw3YzRrXzZwRHB6aUpPQ3ZBVWQwUnIxdU42Qnh1SG1GLXVOY3cxVHRPcFV3aU43X1o2emZzeWRDUDVZWW9ycV9PbmxVdzlXbHowS2RVY3NFcXdUR01jTW00NDhnNjZXMFdVbEVXc1ZVakg5Uk9FVzJWdU5INEx2YVd1VXdQaVd3aVBNX29pNktMQTh6UWpSYlYwamxRcmdlcFh1SEVRMDVUVGhrVS1leURuY09HZnU4b0RBT3MwTXJIeHV5NTN0VUtiMTFldDNLMngtd3JPQWpTVmEway1jSmE3eXpPQQ?oc=5,"Mon, 19 Jan 2026 19:03:53 GMT",The Economic Times
Should you forget Bitcoin and buy XRP instead? - msn.com,https://news.google.com/rss/articles/CBMizwFBVV95cUxPRGVNM1pjblF4bkI2YXZLTHhxeDlQM3pNLXlGNEhzb2Flb3I3ck5aSEFYQU4zZ18tNkRaY0lra2pGMDBiZVdnTk5WWUdoRmlzUTBUU29VVDVwTExSQzRhMDloSTNpSmVZV2MxdkpkMmM3LTFnNDZPQ1NTcUNPMFhYQ1F3M1cwQzNyUUQ1VW5DTGZyUnNUZGVTLVRPMUNCQnV0emMxR0pUQW1Bam52aXZXWVBLekhjQzYzVThIVGMyaFQwQjAxS3RZaW9QV3JlSkE?oc=5,"Mon, 19 Jan 2026 14:20:00 GMT",msn.com
Best Bitcoin Stocks To Watch Today - January 19th - MarketBeat,https://news.google.com/rss/articles/CBMiowFBVV95cUxNTVpwRE9oZWhFZ0dpX1NRQWVEYkVYWjFzMjRTUVBSMF82dDZtQ0lBUktKTndJLWdXRHNORTQteGpqOGkyX1MycUtzaFRIQzFORG5JS1piVTFHRmtjRUlncFl3c2ZJcHFhVFFfei0yMTdMMjRUWHFMM0NfaTl5OVl6dUlPWk0wQmYwTnMxWGVGSXhsV2RjQzVfMDFCSkVMa09MalRR?oc=5,"Mon, 19 Jan 2026 17:20:39 GMT",MarketBeat
Best Bitcoin SV (BSV) Wallets: 2026 Guide & Top Picks - Coinspot.io,https://news.google.com/rss/articles/CBMicEFVX3lxTE8zQVZLU0RycDl5eEVxbHZTVUJ4TmhlekU2b0RYRkhPRnk2M3p0ZnhEN25hdjEzSnVhZlhsejctUU5FcUU1bFFlbUx0RDA0eEVBa1pQUld3YlFVV1phQ0RJbDk1cjBzQng4UlJ2bXZwTVQ?oc=5,"Mon, 19 Jan 2026 13:47:49 GMT",Coinspot.io
Bitcoin Hash Rate Slips Below 1 ZH/s as Miners Face Growing Profitability Pressure - CryptoRank,https://news.google.com/rss/articles/CBMivAFBVV95cUxQamhuZDZ0YzBMa3lWMHhGMG4xblFNNmNyWDl1NUFzU1V4bkJoUDlqWVA3eTdxNTZYb3NmelpQemdjVVlHYllHbHRiVGtoM3Z3SXEtR21Yek9HZ0NOb083V21iQi1sYlhEN1BMeV8tT3VORHFSbjdVNVJKQUxCSG1OaXJwU2E1RkRaXzJnSEhDN0ZyUjlaaE14Tm9pakdYWERKRE03MFZBZ0pTTXRzdFZ2dXV2alJsSWJSNzRSaQ?oc=5,"Mon, 19 Jan 2026 17:42:08 GMT",CryptoRank
Cleanspark Inc. (CLSK) ramps up bitcoin production amid AI infrastructure expansion spree - msn.com,https://news.google.com/rss/articles/CBMi9wFBVV95cUxNelh1Tmh2RU00MjhtS1p4Uk1UcVJuTVBFTGRCRHBQUzhXRTJleVFmNGpZWjNtQ252YXN0cWZheXNOQWNRaUxoYUNHWnBCSU40eHliR1J3MnlORk1NcE9VUTdPc2FDMmM5ZThyeTExVS13LXpzUldHZGZDUS1XLXJ1Rm5KNlM1Mk1QT1RlVlE1ZUk1RUVmMlZsQkNWRjFZYWViTmcwMEd3bC1RdThOV3pWaGpFNm5iQkxkQVI2d1JBcnlFLVJQMVRRSUwwTnA5VkFuQ0xlQlc3eVJveVZVX3hVaUs4bXA1YlBGeENQeUlCWHNGNjRSMGpF?oc=5,"Mon, 19 Jan 2026 13:35:50 GMT",msn.com
Bitcoin under pressure as traders weigh $90K risk versus $100K recovery - TradingView — Track All Markets,https://news.google.com/rss/articles/CBMixAFBVV95cUxOQWdtX180RGxXcjdpOEE0bTRRdnJoeVVCOHk1TGFMRC13NzFZZGxpYjJod1lZTEhKRXpSRDV3N18zVEpmUHNMLUVpcWlXaVBRNUhCTzFoTlFSc1JRNi1ZcFAxVkZQaTFheVJ2aXd0TWsxcHBBMmgwandpcEtnZzNPZFNjeHZ0bWU0anBqVVd1eUw1QlhYMVVjNFI4TDJoYVMyN3JzS01neGVUMVlSTEZxb3NhMTh4TmphTXEtaU10VFV0ZUxL?oc=5,"Mon, 19 Jan 2026 18:05:22 GMT",TradingView — Track All Markets
KBC Becomes Belgium’s First Bank Offering Bitcoin Trading - Altcoin Buzz,https://news.google.com/rss/articles/CBMipwFBVV95cUxPMVkxRWUyWktObW9QS1U3ZWFMTlUtay1pX21oa1FfVG9KUHpVd0dmQjB2eUlpTzRJZFNnTzlMMXFIM2JoQW5XaVJQZng3ZGVkdEtNTHdTTWRDb2RFNmpPZkJkNk0zSmg2RkR1OEpsazhqYVpvYV9XUTMwbE5XWVZRNU5YU2I0RUR0UEpTSF93N2JMSm9HSUc0VzJRSTJ0SHctNE56UzdDSQ?oc=5,"Mon, 19 Jan 2026 14:38:30 GMT",Altcoin Buzz
"5 Reasons Crypto Markets Are Crashing Today: What’s Hitting Bitcoin, ETH, and XRP Prices - CCN.com",https://news.google.com/rss/articles/CBMipwFBVV95cUxPOTdyOVM2ZVgzYU5jNUFQTy14bUNRRkgwZVlCT2RJWEM5RUZXRDBHbGRnQUFyRlJ2d0JhZVFVRVpJTEVHTHBkb3FTVmdqTktLRXVseXJ6WTdhRWZnSkhpTFlOdVczNE1IZUJQUzQyQVluM3c5N0x4elJETHF2czQxYWlFdGVvXzNPWWdGMmtQVkVCZldZLUpPeVVTYV9SMWd4WGlmOTR5bw?oc=5,"Mon, 19 Jan 2026 10:39:58 GMT",CCN.com
Bitcoin Price Analysis: How the Recent Dip Cleverly Reset Market Leverage for a Healthier Rally - CryptoRank,https://news.google.com/rss/articles/CBMif0FVX3lxTFBJbVFoUGlEMzlTX3MzMUh0TlJxWnZ2VHVYbDNUZjAwbHQ5YVJwQjA0Rjk0R2J6aG9zN19XSTNTeGdzb1dkS2hpcFMxaldUdTBYbmVLaktFYXJmV3hvVm9IR0hiRk5jQmttSlBrbjZ4SWp6ZzNhUzFUQUFUdXM2TGc?oc=5,"Mon, 19 Jan 2026 20:08:05 GMT",CryptoRank
Starknet - Bitcoin Open-Source Talk - 20 January 2026 - TradingView — Track All Markets,https://news.google.com/rss/articles/CBMiswFBVV95cUxOU3Z4aGtPODgxM1dVeGtXblV4ZlBTMm1rNzRsZ0NUSXdETnk4eDhxNEEwUlB5bU9QcEFDYWJETHVfQ2dwYzFGTWQxSTRXcWRuT0tLN3VUcjBQdnpENzFrLThjT01UcHVUbzJsc3RwR0Z1Z2ZWOFBZOHVQUUVkTFBPYjVRenBCdk05VjZMOGNRM01HRWZCT0l2MWlwVHVNdmRNTlV5aTdqcExiY04xcVhpSHVNNA?oc=5,"Mon, 19 Jan 2026 22:00:43 GMT",TradingView — Track All Markets
Why Bitcoin Price Growth Does Not Save Miners in 2026 - Coinspot.io,https://news.google.com/rss/articles/CBMimAFBVV95cUxQbFpMM2ZNNzI5WjR1bGJ2OTJDRWZZckV1YjhmSHc0LWgyZk12ZUtZdy1XZ1k2aHVMenVLLU5YRFVPZEwwMmlDSWJlMTJBLTEtbXJKRXlvRnZZTTU3NFJwNS1oNGl1aXRJT3E4SFMxRldkNElRd1pNNlJzc1FVMGdRX0hUUXBMcFNpbV9YWkN0cHNfeEdaRFNFRQ?oc=5,"Mon, 19 Jan 2026 15:15:22 GMT",Coinspot.io
States Move to Add Bitcoin to US Public Reserves - TechRepublic,https://news.google.com/rss/articles/CBMieEFVX3lxTE44blFXckwtMzFLczU5YW5XUDVnX2Z1TVZIbUtGWFFyZzNVWDVyNElaSFVPTHpBTEprb09fWDl5OUFhY2dkZldfbTlCWF9FcWJ0R0ZvOFhhaDVKNjd2TTk4Q0F5V0xpeDM2NWEzaGpqNi1KdVRjbG9IXw?oc=5,"Mon, 19 Jan 2026 10:39:30 GMT",TechRepublic
Congress Slams SEC’s Crypto Retreat — Oversight Concerns Raised by House Democrats - Bitcoin.com News,https://news.google.com/rss/articles/CBMiqAFBVV95cUxOOXhvV0lFR2dsY0xDMEM4d3VhWGJnUWh6dDMzRXVRZGJIeFZGb1llMzdHbDBvcGgxdV9NQjdULWlna3BDOUg3SkI3UFlmbWZfTVRQVnNYSHpUMVhNNTlmMm9ySXJzMVNIMWVVa1c1a0ZRWlNzM0twUjNacUhWeHJlNW1Wc0FzMjQ0UUZOVXVzb29EME9zM2E5TmZuQ1hWLTNBbEluUG44cXE?oc=5,"Mon, 19 Jan 2026 19:48:51 GMT",Bitcoin.com News
Does Lemon's Bitcoin Credit Card Hint at V's Next Crypto Growth Lane? - TradingView — Track All Markets,https://news.google.com/rss/articles/CBMiwgFBVV95cUxPWUp2SlBGOTdOUUdfaDkyVC1qbDJDZ2VNVjcxM01feXp1cF90UWpQQWl2eWx3MzJrMEtyckRjalAtTkVtaUQzdWpzNnFLU19wZ2VnYkNVRUpWd2k3NGZhTGdPV2JFemhISzA5d2hBUHc0N1lwVzA0a1JZeDdvd2R4SkVkZlpUdUFxMWN5dnFIbldRWGIxdDRjaUhJMDd5T2Q2azBYZHBJb3doclpnY0ZuYzhZd2Q5RHFZUFhIYWtQUXVZUQ?oc=5,"Mon, 19 Jan 2026 18:28:00 GMT",TradingView — Track All Markets
"Big Money, Soft Bitcoin: ProShares’ BITO Draws $42M Inflow Despite Price Slump - TipRanks",https://news.google.com/rss/articles/CBMivgFBVV95cUxPM1BHMkktSmZpbi0tTmxzeFRTcDBBeXJoVC0zTXFoRG1vc0V2M2NoWkJSMjJoMGJEX3FvMzA3YmVka2hYb05aVjYzRnJnRU1VZE5peGhOanF6akhEMGNXeEd5b2diQ3c1ZnZXM01wNkdHMjdkTjRYaGhMVWdieWtlZUNmMjFEVnpOa3hFSEExcDZDNTltdVNabm1JcnIxMUJ2aWdpMjgzSmlxY1A5b1NudWk2RTZObk1xSURocl93?oc=5,"Mon, 19 Jan 2026 18:56:29 GMT",TipRanks
"How Far Can Bitcoin Go in 2026, and What That Means for Strategy (MSTR) Stock - TipRanks",https://news.google.com/rss/articles/CBMipwFBVV95cUxOMEI4dmI1aDZ2QnhvZXdWZHNHM2gxSjNLRTlUX05kWDhJUlpDaTZ5dEpIRHdobWRlVHh2RVE1UHd4NWRsTVpGeEU5bXRZcm16RFNxUDVsZk5CZ1BtOXFXczN6YUNHbDBtMHZHTzR1eVVMR083M2RFY1gyWGNtRWlOcU9DSHAwZ0JXUUVCV1BtZGhqTXVjNGVRU1c2dHY5bVB4TXBBWkhmTQ?oc=5,"Mon, 19 Jan 2026 16:14:23 GMT",TipRanks
Bitcoin BTC USD Price Slides Below $92K as Tariff Fears Spook Global Markets - Yahoo Finance,https://news.google.com/rss/articles/CBMif0FVX3lxTE4zSGJQWEFmWktZWmt6cnZjNFNBNHFTV2FlZDhkdUphYUpDTzViRzRkQUtUQ1VUWGl4bVR5cDBpQ3E5WlY2eC1KZFJ0b2twTWN6MUxWblAtT3ZhNTRKRDZNSHZxbHRhcDA0SEtTY2RHQVNKYXZ0dkxWQlR3cXVQR1U?oc=5,"Mon, 19 Jan 2026 06:45:00 GMT",Yahoo Finance
Investors Pay Up for Yield as NEOS Bitcoin High Income ETF Sees Fresh Inflows Despite BTC Slump - TipRanks,https://news.google.com/rss/articles/CBMi2gFBVV95cUxNT2lkYlo4YkZIN1JTTHZ3Q0k5bFZaZ3BINy1FUHdNSWJfdGhzMFFWazNiVkotRVJKZVIxejA3M1p3d1JnN1paTnNSVk5KNTFhY2dOclNWRHp0MTlJbm1Qb2lieU1UMWdLNC1NTUFhU2NKTkVDbC0tVDBITGhrYVNsaFFPcVV6dFo2UnpROF9qa1AxSEYxX0ZremMzWUpaUE1rMVJGWmRVT2xURTdULUg5Z3M0TW1ra3dHdWZKVWozY0o1TVJkSmhBNU1uUnFLR3BwbWtoaWxmMnFBZw?oc=5,"Mon, 19 Jan 2026 19:26:19 GMT",TipRanks
Bitcoin Slips as CLARITY Act Stalls - KuCoin,https://news.google.com/rss/articles/CBMieEFVX3lxTE0wRk5iaVUxYUdZcTh3VW5zS3BvWWZLLWFsQXFTVi11d1ZtWm9CNEk1eTc1NWFvbTZ3czV3TEt1WTNsS2ZHWkZfLU5HNVlYRV9HUGJfT1VPVVRsWHJqWGQzZTNBZ2R4LTBPR0EwenEyTWo5WWxOampFUA?oc=5,"Mon, 19 Jan 2026 15:32:53 GMT",KuCoin
Small cap idea: Recruiter Connecting Excellence backs bitcoin as a store of value - msn.com,https://news.google.com/rss/articles/CBMiyAFBVV95cUxNczBZZGd6UTR3YUhkYzRhQThLOUZVc1Q3aGVsUGtHakNZMlNCOUNVZ2pnYkNHcWI0MEtJcThlakt1M3dQZXpoTTl3OG5xNEg1Q1FWNm1uTWZEeWI4aC1MSWlhbTdHenp2a1FtbTAwTDRrbFh0OHlMTnZiSGxySVdmS0RrVk40eWN1ZlZHTmFVOGpiVUpNdHd1NUVTcVNtdjV5eURMVVFoeWFfa2M2Mi1leEFtdkRzRUFGbkhmSXRjTHRIVDhGcm9hbQ?oc=5,"Mon, 19 Jan 2026 17:40:43 GMT",msn.com
Bitcoin hashrate drops 15% from October high as miner capitulation drags into almost 60 days - CoinDesk,https://news.google.com/rss/articles/CBMiywFBVV95cUxQT0Vab2lHNW1qZ1hGSERpYVNibW0zeXhnaXlIQjBHZHVNdG1GR3JPNjRYMUlVV2JIZzBmVzJIcGE1V1AzaDd5ZG40aGZmb0lxQTJ4Sy1OekZpNDJNOTVTZkpSQS1sWTJDS2t6ZUlja203bnpnLTduTFdZLWVRVkV1NUQ4YmNHNkV3d2ppSmFCZVpvNFhSQ3k5T2ZDMXBoWWwxM0NHdmhSYVE5dHA4cHBuSllvRExwR2h1LTZfZmxjVmJuV0FGQ2ZYSXpMSQ?oc=5,"Mon, 19 Jan 2026 12:50:22 GMT",CoinDesk
Bitcoin faces a massive liquidity shift as these five crypto gatekeepers prepare to tighten the remaining market chokepoints - CryptoSlate,https://news.google.com/rss/articles/CBMi5AFBVV95cUxQbVgxblhRanZqMnRKcmRCY2ZBNWRFMDVUUFpVRUViQzZjc2dXa01Xanduc21sLTFuR3gwSnhDOWNoblpTbUk2eXAwcWUzemE3dl9XckFBLWppaDVMVXh2X0QzUHBzS3dnUUNtRGFEa3lUQ1U3QlBNY1pjaW9URkFwTndjczFDcUtwWWZnczA5VGlpM21jXzdpX2FOMjVVcGpCLVlpZnBDVE5DcFBGRnYtSHZLX1ZMaWQ0bWVuX3BsMVdGZWx2dFVUd2xEWFVKR3EzMjk4M2NiTU9XMXV3Y3VwUzU2eVE?oc=5,"Mon, 19 Jan 2026 17:15:00 GMT",CryptoSlate
‘Attack On The Fed’—Bitcoin Bulls Now Predict $1 Million Price - Forbes,https://news.google.com/rss/articles/CBMisgFBVV95cUxPZU1KZGxIN3NzaGF1dDFYalhpYURHVkstY0F4aElGNEk2cElrRzlDUDN6QWZNV1BXaEJZRjAyYlRKQ2NiaGtWWTFEaGphbVpUX25Pc1ZweVRZMFRnVTZHRlVwcy1OVDBZQWpVTjRSX1FOckR6NnBLX1NGMUVma1BFTWp1RGl6MlQxYTBISUVNQk1aQ0pNZEQ1VWVVajNVTXdEZnJQWWFzWDJlTFBURC1mR1hn?oc=5,"Mon, 19 Jan 2026 10:46:00 GMT",Forbes
"Strive’s preferred stock hits par value, unlocking bitcoin funding channel - Yahoo! Finance Canada",https://news.google.com/rss/articles/CBMihwFBVV95cUxOcG1TQ0xJUEZaN0hXc082Y3FmZTF5ck1yWEo2dUhTQmhVM3BzS1RBbl9SakdSTWVCUVpnVFV1dlAyakFLaDF4WWhsNEZ2OENfLUREY3NWallJcDExeGdtTjVha29LWTlocHNoczdlOVQ3bXV1bUZyam5KY1VKc2FiOXo1NWtkM1k?oc=5,"Mon, 19 Jan 2026 11:06:37 GMT",Yahoo! Finance Canada
"Bitcoin, Ethereum Surge Propels Crypto Fund Investments to $2.17 Billion—Best in Three Months - Decrypt",https://news.google.com/rss/articles/CBMioAFBVV95cUxOZ0pDazl2X2ExWVFGNzNRNVZjUUFuNWpZM3VjQzcxdXlvM0dJWHhQYmRUZWlRbm0ybkc5MHIzRTB0LWpHcF8wSHpOT2p2akk2M2Q3aERQU3g3Mkg0Rm1OMlM4cHY0Vm5uR3E0aHZVbEtoYVpZTFZiWE5sVmxKVmdWcC1YVDdLcG9jbUJ6MV84c19fZ2xaaEVnSjFHcEYtcFNF0gGoAUFVX3lxTE1XTmJuUlVyY1Y5LXJYV1I5LXRoRkRDLWtuRk5XQ3RBUWQ4YlBaOEZjM3ZkeHJwTWxIWnpsdkw4VTVYUGNiakRJa0lEQk56bnJyZzJhbDFucnhvYTFVdkpONzBzRUVudzBPcEhfMDBFSXVJRzdlb1RfMkxrdFJ2ZE9IZkJmcWpxSTh2SEtucWNlTEJKYmM0ZEdNOG9kenBpYzdSWm9CRXI2Vw?oc=5,"Mon, 19 Jan 2026 14:53:33 GMT",Decrypt
Bitcoin Rebounds From November Lows as Technicals Hint at Trend Change - Investing.com,https://news.google.com/rss/articles/CBMitgFBVV95cUxQYjNBMEw2MTUzb1BuVVNvUi1vcWV6aGdMbmY2NmpTV2hPMDFEaUVOWjdvanIzbGJTZ0x0b0pZVkZnRGh3cXEzb0c2SFJvbVA5RVBpUHFiV2xyU1BJMzdWMThNTERFbU9lMHdfUkVVVGV6UWU5VGtKLUJub1RySGJfSHZ4X0hZTG5wVHlXbHFnS3BiWENmVjZFTmFCdU9VcmEydG1SOTU2eFJoelVhQUV4elcwUEpsdw?oc=5,"Mon, 19 Jan 2026 13:22:26 GMT",Investing.com
"Strive’s preferred stock hits par value, unlocking bitcoin funding channel - Yahoo Finance Singapore",https://news.google.com/rss/articles/CBMihwFBVV95cUxQSnJpeFdDUVVuTEpWYlVVNTRPYkVnRFQ3MVIyYmFzMGowa21lS0JCSDVnQzd1SnBNUEM3UXlXREV0VkNxRUQyTEZSR3hwMGFIZzJNM194Tm5naDhtenBhVmkyTXJFOEFUMTBoWkw4YlBVUmJQcG5MLW91cGRjcUJObWFLSXJrRjg?oc=5,"Mon, 19 Jan 2026 11:06:37 GMT",Yahoo Finance Singapore
Bitcoin falls. Cryptos face deep selloff if price plunges below this key level. - msn.com,https://news.google.com/rss/articles/CBMi6wFBVV95cUxNc3BTRHhQcE5uQVU1V0lHVFREWXdFQUlsNnZ3bHVqVWZsNm5rMnByX1IzaWRFUmtpR2lFdHlnUHZwakhNcXlOcmdGU1I4QnhqV2FVYU9OQXV0M0g5Z2s2LWxISzUxM1NCdnQ0Z21QNDVjQnNvVGVSU1B5ZXhXY0xOaGFVc0dUTVJfWGI2enhKOVJsSnFCZVRneXE4UXprR0VQcGxvN0I1Rm12eFFDcHFtQlV4d2c3MFVJZXpaSjhqUGVmOG5fdkN4blgyLXFXbUpzTWg3b29UMDF5bmRsT0J1YWVKOFhnZFpLY2pr?oc=5,"Mon, 19 Jan 2026 11:06:04 GMT",msn.com
News Explorer — Bitcoin Pullback to $93K Puts Golden Cross at Risk: Analysis - Decrypt,https://news.google.com/rss/articles/CBMisgFBVV95cUxNTS0yYXk5dXdOTU1SS3I3ZVBSNV9PdENGMC1ZVkhXaWd5WXp4NVI1WVhMOE1xVlZ1Z3RNMHR0bWhZYUNYcW11SFk3MUs0Z3lSWXZiRXRrYnRKaU5fTVdWVFBrWUlyVkRWVTFNTThwUlI5SmdYeUdhNE9taGYzLWpXV3dnamV4Q1RJcXhpMF92dk1kOWpENmd5Qy1oc3d2UDFVUXRNWDJwVGlhMEZSekl1MTRR?oc=5,"Mon, 19 Jan 2026 20:51:20 GMT",Decrypt
Bitcoin Slides as Crypto Markets Correct: Is the Golden Cross at Risk? - Decrypt,https://news.google.com/rss/articles/CBMiiAFBVV95cUxOR2tHRTZkRDhFRVZhbFU3em9jT1hsTmNWWENwSkk0WWMwZmV2S2VGV1JIRjMtQWhJbUZRWHNmM3NTend1UHBLZVR1RkMteUdHLVJ2aU9wWkszTXkzZC1lUEFUb0pidzZEdEplMGY0bnhWNWd5RC1UZ3hEMXp3SkNTWE1FeHZWTWYx0gGQAUFVX3lxTE4wa3JJbFBNR1Z0b2NvUmgyQkk2RFNQN3JsWnctWFQwOTBWSnpVTUNMbXJBbzQ0enRBWC0yeGFSb0ViMmtxV09od2pxNzE1MlIxRDBKclExSXpRdDQwUWNyeGlha3Vpd012dXpGUXRHOF9HT2ZVV1RGeFc4cjZCT1Zhbll6SWZBN19yOU5iVmIzUA?oc=5,"Mon, 19 Jan 2026 19:25:26 GMT",Decrypt
Bitcoin and Ether ETFs Post $1.9 Billion Weekly Inflow Despite Late Pullback - Bitcoin.com News,https://news.google.com/rss/articles/CBMiowFBVV95cUxOVERieW1Yd0pTTkgzWVktaTJFWFFGdW1oVUdPX3RxUXdjRk5CLTFCRjVRT0dzRVc0S2RBMnN6VzR2aUFfRTV0YURnN0NHWmJFdVJrZnI5UHVQR2RtWlZ4ZFY5TFpUWE5Hb28wVjh0cGptQmtOeVBIeExxWXZDV1k1UldQdnAzeU1pTTh0S1lGcnd6Y2NsUmVYYjFqS0FISXFENjhn?oc=5,"Mon, 19 Jan 2026 18:39:20 GMT",Bitcoin.com News
Bitcoin lags as global liquidity surges – Why is BTC’s reaction delayed? - AMBCrypto,https://news.google.com/rss/articles/CBMilgFBVV95cUxNS1JBazhYU0k3SHpVYWdNUk9JU0dncTVpOWlWalN5MnRPZk41ZFo4VzMzS1o1d1VVUTgwZXNTejk1M3ZOaGhROUZYYng5cFc0NlRYY2ZkWFFNWC1ENkpiM1RhdVJsRG5ldXZyWUVMdzlVcDE3bTIydzhGNmFXeW16Zl92Unlnc2NNaVdJWTE1TWNKdVVodVHSAZsBQVVfeXFMTUpYQ2VSXzg3YUlyWXJBMTRjaVR4WHBoMTk5Z2RQQldkMFFkT0NlaC1uMXE4clFXSmY4LUVZSFI0MEZLaW9tNk1OWjhJVnRHRmh2VmltQlpvREVTUEo4c19kSEZaYkRGUVdIRk9pc3JRaUoxM1lmeko1QWowWlhicHdZN3hQMFE4SHZNSHRTUjdYajdRQXV6TVlGdGM?oc=5,"Mon, 19 Jan 2026 19:01:07 GMT",AMBCrypto
